<config xmlns:xsi="http://www.w3.org/2001/XMLSchema-instance" xsi:noNamespaceSchemaLocation="../client/config.xsd">
  <transports>
    <transport path="nns_annual.db" type="sqlite" />
  </transports>
  
  
  <executable path="/home/bold/local/gcc/8/gotm-v5.4rc/5.4/bin/gotm" />
  <setup path="../" />
  <parameters>
    <parameter file="gotm.yaml" maximum="1.2" minimum="0.8" variable="surface/meteo/heat/scale_factor" />
    <parameter file="gotm.yaml" maximum="1.2" minimum="0.8" variable="surface/meteo/swr/scale_factor" />
    <parameter file="gotm.yaml" maximum="1.2" minimum="0.8" variable="surface/meteo/u10/scale_factor" />
    <parameter file="gotm.yaml" maximum="1.2" minimum="0.8" variable="surface/meteo/v10/scale_factor" />
    <parameter file="gotm.yaml" logscale="True" maximum="1e-4" minimum="1e-9" variable="turbulence/turb_param/k_min" />
    <disabled_parameter file="gotm.yaml" maximum="0.8" minimum="0.2" variable="light/A" />
    <disabled_parameter file="gotm.yaml" maximum="1.5" minimum="0.1" variable="light/g1" />
    <disabled_parameter file="gotm.yaml" maximum="15." minimum="1." variable="light/g2" />
  </parameters>
  <observations>
    <variable modelpath="output.nc" modelvariable="temp" source="./temp.obs" spinupyears="0" />
  </observations>
  <targets>
    <target expression="(temp[:,:,:,:]).mean()" path="output.nc" />
    <target expression="(temp[:,:,:,:]).min()" path="output.nc" />
    <target expression="(temp[:,:,:,:]).max()" path="output.nc" />
  </targets>
</config>