<?xml version="1.0" encoding="utf-8"?>
<scenario version="gotm-5.3">
	<gotmrun>
		<model_setup>
			<title>
				GOTM Simulation
			</title>
			<nlev>
				110
			</nlev>
			<dt>
				3600.0
			</dt>
			<cnpar>
				1.0
			</cnpar>
			<buoy_method>
				1
			</buoy_method>
		</model_setup>
		<station>
			<name>
				PROVESS Northern Experiment 1998
			</name>
			<latitude>
				59.33333
			</latitude>
			<longitude>
				1.283333
			</longitude>
			<depth>
				110.0
			</depth>
		</station>
		<time>
			<timefmt>
				2
			</timefmt>
			<MaxN>
				800
			</MaxN>
			<start>
				1998-01-01 00:00:00
			</start>
			<stop>
				1999-01-01 00:00:00
			</stop>
		</time>
		<output>
			<out_fmt>
				2
			</out_fmt>
			<out_dir>
				.
			</out_dir>
			<out_fn>
				nns_annual
			</out_fn>
                        <nfirst>0</nfirst>
			<nsave>
				24
			</nsave>
			<sync_out>
				0
			</sync_out>
			<diagnostics>
				False
			</diagnostics>
			<mld_method>
				1
			</mld_method>
			<diff_k>
				1e-05
			</diff_k>
			<Ri_crit>
				0.5
			</Ri_crit>
			<rad_corr>
				True
			</rad_corr>
		</output>
		<eqstate>
			<eq_state_mode>
				1
			</eq_state_mode>
			<eq_state_method>
				1
			</eq_state_method>
			<T0>
				10.0
			</T0>
			<S0>
				35.0
			</S0>
			<p0>
				0.0
			</p0>
			<dtr0>
				-0.17
			</dtr0>
			<dsr0>
				0.78
			</dsr0>
		</eqstate>
	</gotmrun>
	<gotmmean>
		<meanflow>
			<h0b>
				0.03
			</h0b>
			<z0s_min>
				0.02
			</z0s_min>
			<charnock>
				True
			</charnock>
			<charnock_val>
				1400.0
			</charnock_val>
			<ddu>
				0.0
			</ddu>
			<ddl>
				0.0
			</ddl>
			<grid_method>
				0
			</grid_method>
			<grid_file/>
			<gravity>
				9.81
			</gravity>
			<rho_0>
				1027.0
			</rho_0>
			<cp>
				3985.0
			</cp>
			<avmolu>
				1.3e-06
			</avmolu>
			<avmolt>
				1.4e-07
			</avmolt>
			<avmols>
				1.1e-09
			</avmols>
			<MaxItz0b>
				1
			</MaxItz0b>
			<no_shear>
				False
			</no_shear>
		</meanflow>
	</gotmmean>
	<airsea>
		<airsea>
			<calc_fluxes>
				True
			</calc_fluxes>
			<fluxes_method>
				1
			</fluxes_method>
			<back_radiation_method>
				1
			</back_radiation_method>
			<meteo_file>
				meteonns.dat
			</meteo_file>
			<hum_method>
				1
			</hum_method>
			<heat_method>
				0
			</heat_method>
			<rain_impact>
				False
			</rain_impact>
			<calc_evaporation>
				False
			</calc_evaporation>
			<swr_method>
				3
			</swr_method>
                        <albedo_method>1</albedo_method>
                        <const_albedo>0.</const_albedo>
			<const_swr>
				0.0
			</const_swr>
			<swr_file/>
			<swr_factor>
				1.0
			</swr_factor>
			<const_heat>
				0.0
			</const_heat>
			<heatflux_file/>
			<momentum_method>
				0
			</momentum_method>
			<const_tx>
				0.0
			</const_tx>
			<const_ty>
				0.0
			</const_ty>
			<momentumflux_file/>
			<precip_method>
				0
			</precip_method>
			<const_precip>
				0.0
			</const_precip>
			<precip_file/>
			<precip_factor>
				1.0
			</precip_factor>
			<sst_method>
				2
			</sst_method>
			<sst_file>
				sst.dat
			</sst_file>
			<sss_method>
				0
			</sss_method>
			<sss_file/>
                        <ssuv_method>
                                0
                        </ssuv_method>
		</airsea>
	</airsea>
	<ice>
		<ice>
			<ice_method>1</ice_method>
		</ice>
	</ice>
	<gotmturb>
		<turbulence>
			<turb_method>
				3
			</turb_method>
			<tke_method>
				2
			</tke_method>
			<len_scale_method>
				8
			</len_scale_method>
			<stab_method>
				3
			</stab_method>
		</turbulence>
		<bc>
			<k_ubc>
				1
			</k_ubc>
			<k_lbc>
				1
			</k_lbc>
			<psi_ubc>
				1
			</psi_ubc>
			<psi_lbc>
				1
			</psi_lbc>
			<ubc_type>
				1
			</ubc_type>
			<lbc_type>
				1
			</lbc_type>
		</bc>
		<turb_param>
			<cm0_fix>
				0.5477
			</cm0_fix>
			<Prandtl0_fix>
				0.74
			</Prandtl0_fix>
			<cw>
				100.0
			</cw>
			<compute_kappa>
				False
			</compute_kappa>
			<kappa>
				0.4
			</kappa>
			<compute_c3>
				True
			</compute_c3>
			<Ri_st>
				0.25
			</Ri_st>
			<length_lim>
				True
			</length_lim>
			<galp>
				0.53
			</galp>
			<const_num>
				0.0005
			</const_num>
			<const_nuh>
				0.0005
			</const_nuh>
			<k_min>
				1e-06
			</k_min>
			<eps_min>
				1e-12
			</eps_min>
			<kb_min>
				1e-10
			</kb_min>
			<epsb_min>
				1e-14
			</epsb_min>
		</turb_param>
		<generic>
			<compute_param>
				False
			</compute_param>
			<gen_m>
				1.0
			</gen_m>
			<gen_n>
				-0.67
			</gen_n>
			<gen_p>
				3.0
			</gen_p>
			<cpsi1>
				1.0
			</cpsi1>
			<cpsi2>
				1.22
			</cpsi2>
			<cpsi3minus>
				0.05
			</cpsi3minus>
			<cpsi3plus>
				1.0
			</cpsi3plus>
			<sig_kpsi>
				0.8
			</sig_kpsi>
			<sig_psi>
				1.07
			</sig_psi>
			<gen_d>
				-1.2
			</gen_d>
			<gen_alpha>
				-2.0
			</gen_alpha>
			<gen_l>
				0.2
			</gen_l>
		</generic>
		<keps>
			<ce1>
				1.44
			</ce1>
			<ce2>
				1.92
			</ce2>
			<ce3minus>
				-0.4
			</ce3minus>
			<ce3plus>
				1.0
			</ce3plus>
			<sig_k>
				1.0
			</sig_k>
			<sig_e>
				1.3
			</sig_e>
			<sig_peps>
				False
			</sig_peps>
		</keps>
		<my>
			<e1>
				1.8
			</e1>
			<e2>
				1.33
			</e2>
			<e3>
				1.8
			</e3>
			<sq>
				0.2
			</sq>
			<sl>
				0.2
			</sl>
			<my_length>
				3
			</my_length>
			<new_constr>
				False
			</new_constr>
		</my>
		<scnd>
			<scnd_method>
				1
			</scnd_method>
			<kb_method>
				1
			</kb_method>
			<epsb_method>
				1
			</epsb_method>
			<scnd_coeff>
				7
			</scnd_coeff>
			<cc1>
				3.6
			</cc1>
			<cc2>
				0.8
			</cc2>
			<cc3>
				1.2
			</cc3>
			<cc4>
				1.2
			</cc4>
			<cc5>
				0.0
			</cc5>
			<cc6>
				0.3
			</cc6>
			<ct1>
				3.28
			</ct1>
			<ct2>
				0.4
			</ct2>
			<ct3>
				0.4
			</ct3>
			<ct4>
				0.0
			</ct4>
			<ct5>
				0.4
			</ct5>
			<ctt>
				0.8
			</ctt>
		</scnd>
		<iw>
			<iw_model>
				0
			</iw_model>
			<alpha>
				0.7
			</alpha>
			<klimiw>
				1e-06
			</klimiw>
			<rich_cr>
				0.7
			</rich_cr>
			<numshear>
				0.005
			</numshear>
			<numiw>
				0.0001
			</numiw>
			<nuhiw>
				1e-05
			</nuhiw>
		</iw>
	</gotmturb>
	<kpp>
		<kpp>
			<kpp_sbl>
				True
			</kpp_sbl>
			<kpp_bbl>
				True
			</kpp_bbl>
			<kpp_interior>
				True
			</kpp_interior>
			<clip_mld>
				False
			</clip_mld>
			<Ric>
				0.3
			</Ric>
		</kpp>
	</kpp>
	<obs>
		<sprofile>
			<s_prof_method>
				2
			</s_prof_method>
			<s_analyt_method>
				1
			</s_analyt_method>
			<z_s1>
				30.0
			</z_s1>
			<s_1>
				20.0
			</s_1>
			<z_s2>
				40.0
			</z_s2>
			<s_2>
				15.0
			</s_2>
			<s_obs_NN>
				0.000256
			</s_obs_NN>
			<s_prof_file>
				sprof.dat
			</s_prof_file>
			<SRelaxTauM>
				86400.0
			</SRelaxTauM>
			<SRelaxTauB>
				86400.0
			</SRelaxTauB>
			<SRelaxTauS>
				86400.0
			</SRelaxTauS>
			<SRelaxBott>
				0.0
			</SRelaxBott>
			<SRelaxSurf>
				0.0
			</SRelaxSurf>
		</sprofile>
		<tprofile>
			<t_prof_method>
				2
			</t_prof_method>
			<t_analyt_method>
				3
			</t_analyt_method>
			<z_t1>
				30.0
			</z_t1>
			<t_1>
				20.0
			</t_1>
			<z_t2>
				40.0
			</z_t2>
			<t_2>
				15.0
			</t_2>
			<t_obs_NN>
				0.000256
			</t_obs_NN>
			<t_prof_file>
				tprof.dat
			</t_prof_file>
			<TRelaxTauM>
				1e+15
			</TRelaxTauM>
			<TRelaxTauB>
				1e+15
			</TRelaxTauB>
			<TRelaxTauS>
				1e+15
			</TRelaxTauS>
			<TRelaxBott>
				0.0
			</TRelaxBott>
			<TRelaxSurf>
				0.0
			</TRelaxSurf>
		</tprofile>
		<ext_pressure>
			<ext_press_method>
				2
			</ext_press_method>
			<ext_press_mode>
				0
			</ext_press_mode>
			<ext_press_file>
				pressure.dat
			</ext_press_file>
			<PressConstU>
				0.0
			</PressConstU>
			<PressConstV>
				0.0
			</PressConstV>
			<PressHeight>
				0.0
			</PressHeight>
			<PeriodM>
				44714.0
			</PeriodM>
			<AmpMu>
				0.0
			</AmpMu>
			<AmpMv>
				0.0
			</AmpMv>
			<PhaseMu>
				0.0
			</PhaseMu>
			<PhaseMv>
				0.0
			</PhaseMv>
			<PeriodS>
				43200.0
			</PeriodS>
			<AmpSu>
				0.0
			</AmpSu>
			<AmpSv>
				0.0
			</AmpSv>
			<PhaseSu>
				0.0
			</PhaseSu>
			<PhaseSv>
				0.0
			</PhaseSv>
		</ext_pressure>
		<int_pressure>
			<int_press_method>
				0
			</int_press_method>
			<int_press_file/>
			<const_dsdx>
				0.0
			</const_dsdx>
			<const_dsdy>
				0.0
			</const_dsdy>
			<const_dtdx>
				0.0
			</const_dtdx>
			<const_dtdy>
				0.0
			</const_dtdy>
			<s_adv>
				False
			</s_adv>
			<t_adv>
				False
			</t_adv>
		</int_pressure>
		<extinct>
			<extinct_method>
				1
			</extinct_method>
			<extinct_file/>
		</extinct>
		<w_advspec>
			<w_adv_method>
				0
			</w_adv_method>
			<w_adv_height0>
				0.0
			</w_adv_height0>
			<w_adv0>
				0.0
			</w_adv0>
			<w_adv_file/>
			<w_adv_discr>
				6
			</w_adv_discr>
		</w_advspec>
		<zetaspec>
			<zeta_method>
				0
			</zeta_method>
			<zeta_file>
				zeta.dat
			</zeta_file>
			<zeta_0>
				0.0
			</zeta_0>
			<period_1>
				44714.0
			</period_1>
			<amp_1>
				1.0
			</amp_1>
			<phase_1>
				0.0
			</phase_1>
			<period_2>
				43200.0
			</period_2>
			<amp_2>
				0.5
			</amp_2>
			<phase_2>
				0.0
			</phase_2>
		</zetaspec>
		<wave_nml>
			<wave_method>
				0
			</wave_method>
			<wave_file/>
			<Hs>
				0.0
			</Hs>
			<Tz>
				0.0
			</Tz>
			<phiw>
				0.0
			</phiw>
		</wave_nml>
		<velprofile>
			<vel_prof_method>
				0
			</vel_prof_method>
			<vel_prof_file/>
			<vel_relax_tau>
				1e+15
			</vel_relax_tau>
			<vel_relax_ramp>
				1e+15
			</vel_relax_ramp>
		</velprofile>
		<eprofile>
			<e_prof_method>
				0
			</e_prof_method>
			<e_obs_const>
				1e-12
			</e_obs_const>
			<e_prof_file/>
		</eprofile>
		<bprofile>
			<b_obs_surf>
				0.0
			</b_obs_surf>
			<b_obs_NN>
				0.0001
			</b_obs_NN>
			<b_obs_sbf>
				0.0
			</b_obs_sbf>
		</bprofile>
		<o2_profile>
			<o2_prof_method>
				0
			</o2_prof_method>
			<o2_units>
				1
			</o2_units>
			<o2_prof_file/>
		</o2_profile>
		<bioprofiles>
			<bio_prof_method>
				0
			</bio_prof_method>
			<bio_prof_file>
				bioprofs.dat
			</bio_prof_file>
		</bioprofiles>
	</obs>
	<bio>
		<bio_nml>
			<bio_calc>
				True
			</bio_calc>
			<bio_model>
				1
			</bio_model>
			<bio_eulerian>
				True
			</bio_eulerian>
			<cnpar>
				1.0
			</cnpar>
			<w_adv_discr>
				6
			</w_adv_discr>
			<ode_method>
				8
			</ode_method>
			<split_factor>
				1
			</split_factor>
			<bioshade_feedback>
				True
			</bioshade_feedback>
			<npar>
				-1
			</npar>
		</bio_nml>
	</bio>
	<bio_npzd>
		<bio_npzd_nml>
			<numc>
				4
			</numc>
			<n_initial>
				4.5
			</n_initial>
			<p_initial>
				1e-15
			</p_initial>
			<z_initial>
				1e-15
			</z_initial>
			<d_initial>
				4.5
			</d_initial>
			<p0>
				0.0225
			</p0>
			<z0>
				0.0225
			</z0>
			<w_p>
				-1.0
			</w_p>
			<w_d>
				-5.0
			</w_d>
			<kc>
				0.03
			</kc>
			<I_min>
				25.0
			</I_min>
			<rmax>
				1.0
			</rmax>
			<gmax>
				0.2
			</gmax>
			<Iv>
				1.1
			</Iv>
			<alpha>
				1.35
			</alpha>
			<rpn>
				0.01
			</rpn>
			<rzn>
				0.01
			</rzn>
			<rdn>
				0.003
			</rdn>
			<rpdu>
				0.02
			</rpdu>
			<rpdl>
				0.1
			</rpdl>
			<rzd>
				0.02
			</rzd>
			<aa>
				0.62
			</aa>
			<g2>
				20.0
			</g2>
		</bio_npzd_nml>
	</bio_npzd>
	<seagrass>
		<canopy>
			<seagrass_calc>
				False
			</seagrass_calc>
			<grassfile/>
			<XP_rat>
				1.0
			</XP_rat>
		</canopy>
	</seagrass>
</scenario>
